INSERT INTO `roles` (`id`, `name`, `guard_name`, `created_at`, `updated_at`) VALUES
(1, 'Admin', 'web', '2020-12-10 04:22:25', '2020-12-10 04:22:25'),
(2, 'Kepala Dusun', 'web', '2020-12-10 04:22:25', '2020-12-10 04:22:25'),
(3, 'Ketua RW', 'web', '2020-12-10 04:22:25', '2020-12-10 04:22:25'),
(4, 'Ketua RT', 'web', '2020-12-10 04:22:25', '2020-12-10 04:22:25'),
(5, 'Warga', 'web', '2020-12-10 04:22:25', '2020-12-10 04:22:25'),
(6, 'Jurnalis', 'web', '2020-12-10 04:22:25', '2020-12-10 04:22:25');

INSERT INTO `users` (`id`, `name`, `email`, `email_verified_at`, `password`, `remember_token`, `created_at`, `updated_at`) VALUES
('1','Prof. Nicolas Wolf Jr.','admin@sidesa.id',NULL,'$2y$10$7AGIBGeVGc7E9IjTp.hGbuU1uLY.ZAKOTFr7IM/ut7iKfSJZGoQ/G',NULL,'1985-11-24 12:06:47','2010-01-30 15:05:57'),
('2','Matilda Lynch','grady.stacy@luettgen.org',NULL,'$2y$10$7AGIBGeVGc7E9IjTp.hGbuU1uLY.ZAKOTFr7IM/ut7iKfSJZGoQ/G',NULL,'1974-08-31 03:19:44','2013-10-26 21:40:41'),
('3','Wilhelmine Emmerich DVM','kadus@sidesa.id',NULL,'$2y$10$7AGIBGeVGc7E9IjTp.hGbuU1uLY.ZAKOTFr7IM/ut7iKfSJZGoQ/G',NULL,'1986-06-27 10:55:17','2000-06-14 05:46:59'),
('4','Carson Dooley','fritz.toy@yahoo.com',NULL,'$2y$10$7AGIBGeVGc7E9IjTp.hGbuU1uLY.ZAKOTFr7IM/ut7iKfSJZGoQ/G',NULL,'1984-03-29 07:34:39','2017-11-07 23:02:27'),
('5','Wendell Farrell','rw@sidesa.id',NULL,'$2y$10$7AGIBGeVGc7E9IjTp.hGbuU1uLY.ZAKOTFr7IM/ut7iKfSJZGoQ/G',NULL,'2008-11-01 01:11:31','2001-10-04 20:00:59'),
('6','Ms. Brenda Legros','atillman@hotmail.com',NULL,'$2y$10$7AGIBGeVGc7E9IjTp.hGbuU1uLY.ZAKOTFr7IM/ut7iKfSJZGoQ/G',NULL,'1986-05-31 22:14:42','1976-03-09 17:57:56'),
('7','Maxie McClure Sr.','zchristiansen@gmail.com',NULL,'$2y$10$7AGIBGeVGc7E9IjTp.hGbuU1uLY.ZAKOTFr7IM/ut7iKfSJZGoQ/G',NULL,'1986-01-15 10:06:40','1990-03-06 23:25:02'),
('8','Craig Roob Sr.','ken.stracke@yahoo.com',NULL,'$2y$10$7AGIBGeVGc7E9IjTp.hGbuU1uLY.ZAKOTFr7IM/ut7iKfSJZGoQ/G',NULL,'2011-10-31 08:41:50','2000-12-28 21:07:37'),
('9','Miss Jadyn Weimann V','abigale67@stamm.com',NULL,'$2y$10$7AGIBGeVGc7E9IjTp.hGbuU1uLY.ZAKOTFr7IM/ut7iKfSJZGoQ/G',NULL,'2005-08-20 15:16:45','2016-09-01 14:33:05'),
('10','Janie Quigley','rt@sidesa.id',NULL,'$2y$10$7AGIBGeVGc7E9IjTp.hGbuU1uLY.ZAKOTFr7IM/ut7iKfSJZGoQ/G',NULL,'2020-09-03 03:24:38','2012-04-12 05:40:44'),
('11','Lina O\'Connell','clemmie82@mayertroob.info',NULL,'$2y$10$7AGIBGeVGc7E9IjTp.hGbuU1uLY.ZAKOTFr7IM/ut7iKfSJZGoQ/G',NULL,'1978-10-31 08:10:05','2006-11-20 13:00:13'),
('12','Tom Lang','zbeatty@hotmail.com',NULL,'$2y$10$7AGIBGeVGc7E9IjTp.hGbuU1uLY.ZAKOTFr7IM/ut7iKfSJZGoQ/G',NULL,'1984-11-15 00:34:39','1991-09-07 20:25:46'),
('13','Annie Emmerich','labernathy@moen.biz',NULL,'$2y$10$7AGIBGeVGc7E9IjTp.hGbuU1uLY.ZAKOTFr7IM/ut7iKfSJZGoQ/G',NULL,'1973-11-01 07:08:43','1982-03-25 07:34:21'),
('14','Dr. Luella Jacobi IV','columbus.jakubowski@howe.com',NULL,'$2y$10$7AGIBGeVGc7E9IjTp.hGbuU1uLY.ZAKOTFr7IM/ut7iKfSJZGoQ/G',NULL,'2009-08-04 08:47:41','2007-05-19 01:29:07'),
('15','Erik Schumm','jakob19@hotmail.com',NULL,'$2y$10$7AGIBGeVGc7E9IjTp.hGbuU1uLY.ZAKOTFr7IM/ut7iKfSJZGoQ/G',NULL,'2017-12-24 12:45:52','1987-10-13 18:43:20'),
('16','Spencer Bailey','hessel.telly@gmail.com',NULL,'$2y$10$7AGIBGeVGc7E9IjTp.hGbuU1uLY.ZAKOTFr7IM/ut7iKfSJZGoQ/G',NULL,'1999-12-28 16:40:57','2015-12-26 14:35:01'),
('17','Rigoberto Labadie','loyal28@ziemelueilwitz.biz',NULL,'$2y$10$7AGIBGeVGc7E9IjTp.hGbuU1uLY.ZAKOTFr7IM/ut7iKfSJZGoQ/G',NULL,'1994-09-17 16:23:50','1990-07-09 16:25:04'),
('18','Ron Blick III','josue.moore@gislason.com',NULL,'$2y$10$7AGIBGeVGc7E9IjTp.hGbuU1uLY.ZAKOTFr7IM/ut7iKfSJZGoQ/G',NULL,'1976-03-15 21:34:53','1983-12-30 07:19:30'),
('19','Moriah Haag','warga@sidesa.id',NULL,'$2y$10$7AGIBGeVGc7E9IjTp.hGbuU1uLY.ZAKOTFr7IM/ut7iKfSJZGoQ/G',NULL,'1993-03-03 23:09:08','2003-04-04 17:37:58'),
('20','Samir Lakin DVM','octavia.heller@gmail.com',NULL,'$2y$10$7AGIBGeVGc7E9IjTp.hGbuU1uLY.ZAKOTFr7IM/ut7iKfSJZGoQ/G',NULL,'2008-03-29 02:34:00','2013-10-20 13:31:43'),
('21','Mrs. Neva McLaughlin IV','bernadette.borer@leannon.org',NULL,'$2y$10$7AGIBGeVGc7E9IjTp.hGbuU1uLY.ZAKOTFr7IM/ut7iKfSJZGoQ/G',NULL,'1986-11-24 00:37:57','1984-02-13 15:57:49'),
('22','Prof. Brown Armstrong','asa83@hotmail.com',NULL,'$2y$10$7AGIBGeVGc7E9IjTp.hGbuU1uLY.ZAKOTFr7IM/ut7iKfSJZGoQ/G',NULL,'1975-03-07 12:39:31','1994-02-06 17:10:55'),
('23','Tyshawn Herman MD','jada09@ullrich.com',NULL,'$2y$10$7AGIBGeVGc7E9IjTp.hGbuU1uLY.ZAKOTFr7IM/ut7iKfSJZGoQ/G',NULL,'2015-03-01 08:08:41','1997-04-01 16:13:05'),
('24','Andy Crooks','conroy.graham@gmail.com',NULL,'$2y$10$7AGIBGeVGc7E9IjTp.hGbuU1uLY.ZAKOTFr7IM/ut7iKfSJZGoQ/G',NULL,'2017-02-03 16:58:15','1976-01-28 23:58:12'),
('25','Keara DuBuque IV','jaren.parisian@bernhard.info',NULL,'$2y$10$7AGIBGeVGc7E9IjTp.hGbuU1uLY.ZAKOTFr7IM/ut7iKfSJZGoQ/G',NULL,'1979-06-06 14:52:30','1971-12-06 02:11:53'),
('26','Noelia Daniel','savanna34@yahoo.com',NULL,'$2y$10$7AGIBGeVGc7E9IjTp.hGbuU1uLY.ZAKOTFr7IM/ut7iKfSJZGoQ/G',NULL,'1999-06-01 18:28:08','1997-07-04 05:32:36'),
('27','Prof. Minerva Pfannerstill MD','madison.halvorson@yahoo.com',NULL,'$2y$10$7AGIBGeVGc7E9IjTp.hGbuU1uLY.ZAKOTFr7IM/ut7iKfSJZGoQ/G',NULL,'2011-10-01 15:25:37','2007-02-12 16:09:52'),
('28','Kylee Grimes','ernie36@yahoo.com',NULL,'$2y$10$7AGIBGeVGc7E9IjTp.hGbuU1uLY.ZAKOTFr7IM/ut7iKfSJZGoQ/G',NULL,'2002-11-25 19:54:31','1979-08-15 12:45:48'),
('29','Dr. Amber Maggio II','owyman@roberts.info',NULL,'$2y$10$7AGIBGeVGc7E9IjTp.hGbuU1uLY.ZAKOTFr7IM/ut7iKfSJZGoQ/G',NULL,'1995-10-13 23:17:40','1992-06-25 07:31:31'),
('30','Prof. Percival Rempel','farrell.jamie@gmail.com',NULL,'$2y$10$7AGIBGeVGc7E9IjTp.hGbuU1uLY.ZAKOTFr7IM/ut7iKfSJZGoQ/G',NULL,'1972-01-24 16:18:05','2002-07-28 01:03:46'),
('31','Lew Feest','wboyle@gmail.com',NULL,'$2y$10$7AGIBGeVGc7E9IjTp.hGbuU1uLY.ZAKOTFr7IM/ut7iKfSJZGoQ/G',NULL,'1989-10-13 02:24:19','2007-05-01 11:04:05'),
('32','Dr. Demarco Weissnat DVM','laury85@altenwerth.com',NULL,'$2y$10$7AGIBGeVGc7E9IjTp.hGbuU1uLY.ZAKOTFr7IM/ut7iKfSJZGoQ/G',NULL,'1971-02-07 06:28:50','1999-12-26 12:42:08'),
('33','Adolfo Kuhlman','okemmer@yahoo.com',NULL,'$2y$10$7AGIBGeVGc7E9IjTp.hGbuU1uLY.ZAKOTFr7IM/ut7iKfSJZGoQ/G',NULL,'1985-01-07 03:54:33','2014-07-23 10:38:07'),
('34','Adela Hyatt','kassandra87@glover.com',NULL,'$2y$10$7AGIBGeVGc7E9IjTp.hGbuU1uLY.ZAKOTFr7IM/ut7iKfSJZGoQ/G',NULL,'2013-05-29 13:33:11','1978-06-05 15:05:54'),
('35','Kristina Pfeffer','schulist.daisha@hotmail.com',NULL,'$2y$10$7AGIBGeVGc7E9IjTp.hGbuU1uLY.ZAKOTFr7IM/ut7iKfSJZGoQ/G',NULL,'1975-05-08 23:27:30','1991-05-29 00:39:43'),
('36','Roy Beatty','floy.mcglynn@hotmail.com',NULL,'$2y$10$7AGIBGeVGc7E9IjTp.hGbuU1uLY.ZAKOTFr7IM/ut7iKfSJZGoQ/G',NULL,'1989-08-05 07:37:38','1985-09-08 01:15:12'),
('37','Rachelle Bartell','shannon.batz@hotmail.com',NULL,'$2y$10$7AGIBGeVGc7E9IjTp.hGbuU1uLY.ZAKOTFr7IM/ut7iKfSJZGoQ/G',NULL,'1978-05-30 05:10:38','1990-01-05 18:47:22'),
('38','Hayley Bernier','kiana.grady@yahoo.com',NULL,'$2y$10$7AGIBGeVGc7E9IjTp.hGbuU1uLY.ZAKOTFr7IM/ut7iKfSJZGoQ/G',NULL,'2009-04-09 12:40:06','1974-02-26 16:07:50'),
('39','Alvis Abshire','bernhard.raleigh@gmail.com',NULL,'$2y$10$7AGIBGeVGc7E9IjTp.hGbuU1uLY.ZAKOTFr7IM/ut7iKfSJZGoQ/G',NULL,'1976-02-25 02:51:55','2012-12-17 06:34:19'),
('40','Meda Jaskolski','ulices36@hotmail.com',NULL,'$2y$10$7AGIBGeVGc7E9IjTp.hGbuU1uLY.ZAKOTFr7IM/ut7iKfSJZGoQ/G',NULL,'1998-07-27 11:41:00','2007-05-27 01:44:29'),
('41','Ms. Lauriane Keeling','grady.leannon@gmail.com',NULL,'$2y$10$7AGIBGeVGc7E9IjTp.hGbuU1uLY.ZAKOTFr7IM/ut7iKfSJZGoQ/G',NULL,'2010-03-26 04:15:07','1984-06-22 14:52:08'),
('42','Cruz Brown','dbradtke@gmail.com',NULL,'$2y$10$7AGIBGeVGc7E9IjTp.hGbuU1uLY.ZAKOTFr7IM/ut7iKfSJZGoQ/G',NULL,'1988-07-29 19:22:13','2015-03-26 12:52:03'),
('43','Prof. Joan Bailey','allan.parker@howe.com',NULL,'$2y$10$7AGIBGeVGc7E9IjTp.hGbuU1uLY.ZAKOTFr7IM/ut7iKfSJZGoQ/G',NULL,'1974-06-21 10:51:07','2011-07-18 16:22:40'),
('44','Marcelina Kerluke','florencio99@hotmail.com',NULL,'$2y$10$7AGIBGeVGc7E9IjTp.hGbuU1uLY.ZAKOTFr7IM/ut7iKfSJZGoQ/G',NULL,'1999-05-21 11:24:53','2009-01-25 10:30:12'),
('45','Gerson Leannon','ewilliamson@hills.net',NULL,'$2y$10$7AGIBGeVGc7E9IjTp.hGbuU1uLY.ZAKOTFr7IM/ut7iKfSJZGoQ/G',NULL,'1984-02-20 10:35:48','1981-05-02 16:46:12'),
('46','Mikayla Bins','uward@gmail.com',NULL,'$2y$10$7AGIBGeVGc7E9IjTp.hGbuU1uLY.ZAKOTFr7IM/ut7iKfSJZGoQ/G',NULL,'1977-10-10 14:26:36','2003-12-28 14:22:59'),
('47','Mr. Eric Adams IV','orowe@yahoo.com',NULL,'$2y$10$7AGIBGeVGc7E9IjTp.hGbuU1uLY.ZAKOTFr7IM/ut7iKfSJZGoQ/G',NULL,'2020-07-02 23:12:43','1971-11-29 15:41:27'),
('48','Reagan Schulist','maxime.sawayn@towne.com',NULL,'$2y$10$7AGIBGeVGc7E9IjTp.hGbuU1uLY.ZAKOTFr7IM/ut7iKfSJZGoQ/G',NULL,'1983-09-02 11:41:10','2015-05-19 17:18:56'),
('49','Julius Senger','kaelyn78@yahoo.com',NULL,'$2y$10$7AGIBGeVGc7E9IjTp.hGbuU1uLY.ZAKOTFr7IM/ut7iKfSJZGoQ/G',NULL,'1992-04-07 06:22:55','2009-11-22 10:19:18'),
('50','Mr. Omari Torphy Sr.','dwelch@kreiger.com',NULL,'$2y$10$7AGIBGeVGc7E9IjTp.hGbuU1uLY.ZAKOTFr7IM/ut7iKfSJZGoQ/G',NULL,'2016-08-12 08:56:07','2006-06-11 21:24:47'),
('51','Arnaldo Bergstrom','crenner@ferryhahn.com',NULL,'$2y$10$7AGIBGeVGc7E9IjTp.hGbuU1uLY.ZAKOTFr7IM/ut7iKfSJZGoQ/G',NULL,'1984-12-20 04:00:48','1977-11-16 11:39:15'),
('52','Verna Zemlak','tiffany89@hotmail.com',NULL,'$2y$10$7AGIBGeVGc7E9IjTp.hGbuU1uLY.ZAKOTFr7IM/ut7iKfSJZGoQ/G',NULL,'2019-06-17 07:37:48','2011-08-25 22:51:16'),
('53','Prof. Jonathon Langosh III','urowe@jast.com',NULL,'$2y$10$7AGIBGeVGc7E9IjTp.hGbuU1uLY.ZAKOTFr7IM/ut7iKfSJZGoQ/G',NULL,'1994-09-14 09:16:31','2009-10-19 02:45:22'),
('54','Dell Olson','aschuster@mann.com',NULL,'$2y$10$7AGIBGeVGc7E9IjTp.hGbuU1uLY.ZAKOTFr7IM/ut7iKfSJZGoQ/G',NULL,'1973-11-26 01:20:53','1977-03-17 06:47:13'),
('55','Amira Rosenbaum','mcollier@gmail.com',NULL,'$2y$10$7AGIBGeVGc7E9IjTp.hGbuU1uLY.ZAKOTFr7IM/ut7iKfSJZGoQ/G',NULL,'1996-06-15 00:56:45','1988-04-21 16:04:11'),
('56','Rico Larson','stephany.quigley@dietrich.com',NULL,'$2y$10$7AGIBGeVGc7E9IjTp.hGbuU1uLY.ZAKOTFr7IM/ut7iKfSJZGoQ/G',NULL,'1987-02-27 10:37:46','1994-06-29 08:10:54'),
('57','Craig Graham','germaine.lakin@hotmail.com',NULL,'$2y$10$7AGIBGeVGc7E9IjTp.hGbuU1uLY.ZAKOTFr7IM/ut7iKfSJZGoQ/G',NULL,'1988-08-22 21:48:56','2001-12-27 17:47:29'),
('58','Arlo Ryan','gottlieb.litzy@hotmail.com',NULL,'$2y$10$7AGIBGeVGc7E9IjTp.hGbuU1uLY.ZAKOTFr7IM/ut7iKfSJZGoQ/G',NULL,'1971-07-20 01:53:31','2014-11-30 15:38:47'),
('59','Courtney Bergstrom I','dayne.kreiger@yahoo.com',NULL,'$2y$10$7AGIBGeVGc7E9IjTp.hGbuU1uLY.ZAKOTFr7IM/ut7iKfSJZGoQ/G',NULL,'2007-04-10 03:37:23','1992-09-30 08:35:24'),
('60','Mrs. Patience Gibson','fstroman@gmail.com',NULL,'$2y$10$7AGIBGeVGc7E9IjTp.hGbuU1uLY.ZAKOTFr7IM/ut7iKfSJZGoQ/G',NULL,'2019-04-12 13:50:44','1980-08-11 22:59:11'),
('61','Ruthie O\'Connell','kenneth.friesen@schadenkovacek.biz',NULL,'$2y$10$7AGIBGeVGc7E9IjTp.hGbuU1uLY.ZAKOTFr7IM/ut7iKfSJZGoQ/G',NULL,'2008-03-04 21:08:37','2008-06-02 13:11:00'),
('62','Mrs. Zella Langosh MD','willie.schroeder@yahoo.com',NULL,'$2y$10$7AGIBGeVGc7E9IjTp.hGbuU1uLY.ZAKOTFr7IM/ut7iKfSJZGoQ/G',NULL,'1976-09-19 08:05:02','1971-04-07 07:02:30'),
('63','Amya Kilback','christiansen.rigoberto@pacocha.biz',NULL,'$2y$10$7AGIBGeVGc7E9IjTp.hGbuU1uLY.ZAKOTFr7IM/ut7iKfSJZGoQ/G',NULL,'2010-12-03 14:42:18','1970-04-09 20:18:43'),
('64','Oren Hane Jr.','wzboncak@gmail.com',NULL,'$2y$10$7AGIBGeVGc7E9IjTp.hGbuU1uLY.ZAKOTFr7IM/ut7iKfSJZGoQ/G',NULL,'1986-08-16 05:41:58','1982-01-05 18:44:04'),
('65','Nicolas Bosco','price.clifton@gmail.com',NULL,'$2y$10$7AGIBGeVGc7E9IjTp.hGbuU1uLY.ZAKOTFr7IM/ut7iKfSJZGoQ/G',NULL,'2002-05-03 14:42:43','1983-08-29 23:10:07'),
('66','Jackson Thiel','dovie.harris@gmail.com',NULL,'$2y$10$7AGIBGeVGc7E9IjTp.hGbuU1uLY.ZAKOTFr7IM/ut7iKfSJZGoQ/G',NULL,'2006-12-23 14:30:07','2011-07-20 12:59:22'),
('67','Kylee Kulas','boyd27@bailey.net',NULL,'$2y$10$7AGIBGeVGc7E9IjTp.hGbuU1uLY.ZAKOTFr7IM/ut7iKfSJZGoQ/G',NULL,'1974-03-13 17:49:54','2000-01-19 12:32:22'),
('68','Clarabelle Tillman Sr.','joana25@gmail.com',NULL,'$2y$10$7AGIBGeVGc7E9IjTp.hGbuU1uLY.ZAKOTFr7IM/ut7iKfSJZGoQ/G',NULL,'1981-01-29 07:32:05','1988-09-04 10:46:24'),
('69','Prof. Gaylord Powlowski MD','watsica.al@gmail.com',NULL,'$2y$10$7AGIBGeVGc7E9IjTp.hGbuU1uLY.ZAKOTFr7IM/ut7iKfSJZGoQ/G',NULL,'1992-07-20 22:55:09','1990-07-13 22:10:51'),
('70','Dorris Miller','uwiegand@cole.biz',NULL,'$2y$10$7AGIBGeVGc7E9IjTp.hGbuU1uLY.ZAKOTFr7IM/ut7iKfSJZGoQ/G',NULL,'1986-11-06 23:39:21','1981-06-13 22:09:41'),
('71','Ryleigh Pfannerstill','bradtke.percival@hotmail.com',NULL,'$2y$10$7AGIBGeVGc7E9IjTp.hGbuU1uLY.ZAKOTFr7IM/ut7iKfSJZGoQ/G',NULL,'2003-12-16 07:21:43','2001-07-29 02:51:46'),
('72','Maria Senger','nveum@donnelly.com',NULL,'$2y$10$7AGIBGeVGc7E9IjTp.hGbuU1uLY.ZAKOTFr7IM/ut7iKfSJZGoQ/G',NULL,'1990-02-11 07:02:33','1979-03-09 05:15:22'),
('73','Dr. Wilfred Adams DDS','hermiston.lela@hotmail.com',NULL,'$2y$10$7AGIBGeVGc7E9IjTp.hGbuU1uLY.ZAKOTFr7IM/ut7iKfSJZGoQ/G',NULL,'2001-11-19 20:36:01','2009-09-18 01:01:50'),
('74','Prof. Ramon Moen','altenwerth.ruben@gmail.com',NULL,'$2y$10$7AGIBGeVGc7E9IjTp.hGbuU1uLY.ZAKOTFr7IM/ut7iKfSJZGoQ/G',NULL,'2013-10-25 09:03:04','2017-03-18 20:21:19'),
('75','Leonardo Zemlak','ophelia13@ullrichhackett.com',NULL,'$2y$10$7AGIBGeVGc7E9IjTp.hGbuU1uLY.ZAKOTFr7IM/ut7iKfSJZGoQ/G',NULL,'2004-02-01 02:29:20','1992-05-16 10:53:38'),
('76','Scotty Cruickshank','bradly86@yahoo.com',NULL,'$2y$10$7AGIBGeVGc7E9IjTp.hGbuU1uLY.ZAKOTFr7IM/ut7iKfSJZGoQ/G',NULL,'1991-10-26 07:03:50','1975-11-26 03:31:49'),
('77','Vickie Upton','kcollins@gmail.com',NULL,'$2y$10$7AGIBGeVGc7E9IjTp.hGbuU1uLY.ZAKOTFr7IM/ut7iKfSJZGoQ/G',NULL,'2011-01-01 09:13:03','1982-07-06 23:33:55'),
('78','Crystal Effertz','isaiah.swaniawski@leschsimonis.com',NULL,'$2y$10$7AGIBGeVGc7E9IjTp.hGbuU1uLY.ZAKOTFr7IM/ut7iKfSJZGoQ/G',NULL,'2012-10-28 12:30:23','2009-10-25 14:18:14'),
('79','Stacy Lang','chance.pagac@kerlukeshanahan.com',NULL,'$2y$10$7AGIBGeVGc7E9IjTp.hGbuU1uLY.ZAKOTFr7IM/ut7iKfSJZGoQ/G',NULL,'2008-04-21 10:30:24','1989-09-21 21:35:45'),
('80','Mckenna Beier','rhermann@gmail.com',NULL,'$2y$10$7AGIBGeVGc7E9IjTp.hGbuU1uLY.ZAKOTFr7IM/ut7iKfSJZGoQ/G',NULL,'2009-07-31 00:00:56','2020-02-02 14:51:42'),
('81','Ellsworth Hills','donavon83@hotmail.com',NULL,'$2y$10$7AGIBGeVGc7E9IjTp.hGbuU1uLY.ZAKOTFr7IM/ut7iKfSJZGoQ/G',NULL,'1974-11-08 12:31:28','2017-04-10 00:43:39'),
('82','Zola Stoltenberg DVM','nitzsche.korey@gmail.com',NULL,'$2y$10$7AGIBGeVGc7E9IjTp.hGbuU1uLY.ZAKOTFr7IM/ut7iKfSJZGoQ/G',NULL,'1977-03-14 05:38:33','1999-09-03 01:00:33'),
('83','Miss Lilian Streich','schimmel.laurine@jaskolski.com',NULL,'$2y$10$7AGIBGeVGc7E9IjTp.hGbuU1uLY.ZAKOTFr7IM/ut7iKfSJZGoQ/G',NULL,'2014-01-27 15:23:57','2010-08-30 07:45:09'),
('84','Verna Rohan','otho.hoppe@wuckertborer.com',NULL,'$2y$10$7AGIBGeVGc7E9IjTp.hGbuU1uLY.ZAKOTFr7IM/ut7iKfSJZGoQ/G',NULL,'1974-11-18 15:52:34','2007-09-25 02:56:47'),
('85','Jaylen Jones','mariana.rolfson@hotmail.com',NULL,'$2y$10$7AGIBGeVGc7E9IjTp.hGbuU1uLY.ZAKOTFr7IM/ut7iKfSJZGoQ/G',NULL,'1998-10-20 21:24:10','1976-12-11 15:09:05'),
('86','Kenna Gottlieb','selena.dooley@osinskijakubowski.org',NULL,'$2y$10$7AGIBGeVGc7E9IjTp.hGbuU1uLY.ZAKOTFr7IM/ut7iKfSJZGoQ/G',NULL,'2003-02-06 03:12:47','2015-07-15 19:36:04'),
('87','Carey Murazik I','hkautzer@hotmail.com',NULL,'$2y$10$7AGIBGeVGc7E9IjTp.hGbuU1uLY.ZAKOTFr7IM/ut7iKfSJZGoQ/G',NULL,'2002-09-24 15:56:14','1975-08-05 03:38:26'),
('88','Dr. Mustafa Wunsch','claude.farrell@kreiger.com',NULL,'$2y$10$7AGIBGeVGc7E9IjTp.hGbuU1uLY.ZAKOTFr7IM/ut7iKfSJZGoQ/G',NULL,'2012-01-13 11:27:00','1981-10-05 00:05:43'),
('89','Thelma Lemke','franecki.gage@kling.biz',NULL,'$2y$10$7AGIBGeVGc7E9IjTp.hGbuU1uLY.ZAKOTFr7IM/ut7iKfSJZGoQ/G',NULL,'1988-08-22 15:59:57','2004-08-22 02:03:51'),
('90','Scarlett Adams DDS','rpfannerstill@yahoo.com',NULL,'$2y$10$7AGIBGeVGc7E9IjTp.hGbuU1uLY.ZAKOTFr7IM/ut7iKfSJZGoQ/G',NULL,'2017-01-09 12:42:12','1977-01-18 16:34:20'),
('91','Prof. Javonte Walsh V','hermann.alvina@hoeger.com',NULL,'$2y$10$7AGIBGeVGc7E9IjTp.hGbuU1uLY.ZAKOTFr7IM/ut7iKfSJZGoQ/G',NULL,'1989-09-07 17:55:05','1981-02-20 17:56:37'),
('92','Marjorie Schmeler','fatima05@gaylord.com',NULL,'$2y$10$7AGIBGeVGc7E9IjTp.hGbuU1uLY.ZAKOTFr7IM/ut7iKfSJZGoQ/G',NULL,'1989-11-04 06:11:11','1972-09-27 14:06:23'),
('93','Ms. Rafaela Kutch','demond.roberts@koss.com',NULL,'$2y$10$7AGIBGeVGc7E9IjTp.hGbuU1uLY.ZAKOTFr7IM/ut7iKfSJZGoQ/G',NULL,'2019-08-05 03:31:27','1982-08-28 10:29:00'),
('94','Prof. Damon Halvorson DDS','chris.harber@yahoo.com',NULL,'$2y$10$7AGIBGeVGc7E9IjTp.hGbuU1uLY.ZAKOTFr7IM/ut7iKfSJZGoQ/G',NULL,'1981-04-12 08:21:45','2009-10-28 11:12:35'),
('95','Kiara Hansen','jade00@yahoo.com',NULL,'$2y$10$7AGIBGeVGc7E9IjTp.hGbuU1uLY.ZAKOTFr7IM/ut7iKfSJZGoQ/G',NULL,'2006-07-05 23:07:53','1978-05-14 08:19:47'),
('96','Sanford Hessel IV','jurnalis@sidesa.id',NULL,'$2y$10$7AGIBGeVGc7E9IjTp.hGbuU1uLY.ZAKOTFr7IM/ut7iKfSJZGoQ/G',NULL,'1996-12-26 13:31:21','2014-11-11 04:29:58'),
('97','May Pouros Jr.','kacie.satterfield@hodkiewicz.com',NULL,'$2y$10$7AGIBGeVGc7E9IjTp.hGbuU1uLY.ZAKOTFr7IM/ut7iKfSJZGoQ/G',NULL,'2016-03-11 08:05:12','2020-03-31 08:15:34'),
('98','Albina Kunze','henry.kuhic@effertz.com',NULL,'$2y$10$7AGIBGeVGc7E9IjTp.hGbuU1uLY.ZAKOTFr7IM/ut7iKfSJZGoQ/G',NULL,'2008-01-23 13:05:16','1999-09-08 16:22:20'),
('99','Aracely Lakin','jude36@gmail.com',NULL,'$2y$10$7AGIBGeVGc7E9IjTp.hGbuU1uLY.ZAKOTFr7IM/ut7iKfSJZGoQ/G',NULL,'1988-10-10 00:35:48','1990-11-10 04:31:07'),
('100','Kyleigh Reichel','itzel05@hauck.org',NULL,'$2y$10$7AGIBGeVGc7E9IjTp.hGbuU1uLY.ZAKOTFr7IM/ut7iKfSJZGoQ/G',NULL,'1970-05-15 10:22:08','1980-06-21 09:40:45'); 

INSERT INTO `nomor_induk_kependudukan` (`id`, `user_id`, `father_id`, `mother_id`, `code`, `place_of_birth`, `date_of_birth`, `gender`, `blood_type`, `address`, `dusun_id`, `rukun_warga_id`, `rukun_tetangga_id`, `religion`, `married_status`, `job_status`, `created_at`, `updated_at`) VALUES
('1','1',NULL,NULL,'3579013105780002','Dominiquefort','2013-02-18 05:07:08','Laki-Laki',NULL,'9936 Becker Islands\nNorth Marge, AK 98508',NULL,NULL,NULL,NULL,NULL,NULL,'1985-05-10 23:21:14','2019-03-06 15:58:17'),
('2','2',NULL,NULL,'3579034809880001','Lake Laury','1980-08-02 04:58:19','Laki-Laki',NULL,'97675 Thea Shore Apt. 542\nKeelymouth, IA 90216',NULL,NULL,NULL,NULL,NULL,NULL,'1998-10-05 22:35:48','2005-08-29 13:19:26'),
('3','3',NULL,NULL,'3579031308090001','Port Randiview','1977-05-29 13:28:23','Perempuan',NULL,'717 McKenzie Trafficway\nRaemouth, VA 00365',NULL,NULL,NULL,NULL,NULL,NULL,'1992-12-30 04:51:52','2009-04-23 18:24:09'),
('4','4',NULL,NULL,'3579030510700002','Makennafurt','1992-05-01 02:24:22','Perempuan',NULL,'666 Derek Garden\nLeonieberg, RI 03521',NULL,NULL,NULL,NULL,NULL,NULL,'2014-06-20 13:28:12','1982-03-16 08:47:02'),
('5','5',NULL,NULL,'3579034802710002','North Ezra','1995-11-25 11:26:13','Laki-Laki',NULL,'80093 Griffin Forges\nPort Alysa, SD 72243-6142',NULL,NULL,NULL,NULL,NULL,NULL,'1986-08-23 21:45:02','2010-10-09 13:48:14'),
('6','6',NULL,NULL,'3579030406940006','Marksmouth','1991-11-21 06:04:37','Laki-Laki',NULL,'42691 Domingo Centers\nNew Alexandre, IL 56592-6821',NULL,NULL,NULL,NULL,NULL,NULL,'1997-01-28 18:48:35','2020-01-13 12:02:43'),
('7','7',NULL,NULL,'3303155406770002','East Chaya','2019-10-21 10:36:42','Perempuan',NULL,'940 Rohan Crescent\nSouth Lennashire, VT 21911-6602',NULL,NULL,NULL,NULL,NULL,NULL,'1994-09-01 10:50:26','1990-08-01 18:23:31'),
('8','8',NULL,NULL,'3303150705330001','Hayestown','1995-12-29 18:32:20','Perempuan',NULL,'65337 Johann Haven\nDavonland, GA 01890-2909',NULL,NULL,NULL,NULL,NULL,NULL,'1991-04-18 09:48:33','2015-08-11 02:39:33'),
('9','9',NULL,NULL,'3303155002450002','Raynorshire','2013-04-02 10:00:50','Laki-Laki',NULL,'826 Hintz Harbor\nHintzhaven, IN 12209',NULL,NULL,NULL,NULL,NULL,NULL,'2012-04-20 05:51:33','1985-04-26 20:27:52'),
('10','10',NULL,NULL,'3303150202580001','East Sienna','2005-06-23 01:02:42','Perempuan',NULL,'4690 Skiles Lodge Suite 913\nAngelton, LA 55270',NULL,NULL,NULL,NULL,NULL,NULL,'1977-10-25 16:53:14','2006-11-16 07:23:17'),
('11','11',NULL,NULL,'3303150209940001','Lake Britney','1987-12-08 10:35:25','Laki-Laki',NULL,'63490 Kub Knolls\nFaheyfort, KY 67161-3955',NULL,NULL,NULL,NULL,NULL,NULL,'2005-09-13 22:28:14','2008-09-09 03:38:48'),
('12','12',NULL,NULL,'3303155904610002','East Tobyhaven','2017-08-06 14:03:45','Perempuan',NULL,'9585 Greenfelder Points\nWest Chrishaven, IL 80734-3998',NULL,NULL,NULL,NULL,NULL,NULL,'2008-11-28 15:10:18','1998-12-29 00:44:20'),
('13','13',NULL,NULL,'3303153012450003','Effertzchester','1995-04-11 14:45:34','Perempuan',NULL,'369 Cesar Shoal\nEulaliaview, TN 63530-3481',NULL,NULL,NULL,NULL,NULL,NULL,'1984-05-16 01:00:08','1986-10-07 08:16:18'),
('14','14',NULL,NULL,'3303153012600002','Lake Aubreetown','2007-10-15 20:13:36','Laki-Laki',NULL,'840 Vena Drive Apt. 766\nKeltonland, NH 65006',NULL,NULL,NULL,NULL,NULL,NULL,'1973-07-16 04:52:34','1972-04-22 18:43:59'),
('15','15',NULL,NULL,'3303155410910001','South Uniquebury','1994-05-17 17:27:15','Perempuan',NULL,'88824 Palma Harbors\nHipolitoside, MO 77991',NULL,NULL,NULL,NULL,NULL,NULL,'1977-03-03 09:02:12','1986-04-11 11:28:18'),
('16','16',NULL,NULL,'3303154112720005','Port Gudrun','1989-03-10 11:10:34','Laki-Laki',NULL,'25452 Brekke Stream\nScottieton, NE 63993',NULL,NULL,NULL,NULL,NULL,NULL,'2006-11-14 12:04:20','1987-04-23 14:20:34'),
('17','17',NULL,NULL,'3303151311680002','New Laneyburgh','1984-01-22 03:50:11','Perempuan',NULL,'3587 Ullrich Parks\nGerryfurt, IA 16286',NULL,NULL,NULL,NULL,NULL,NULL,'1971-07-11 14:01:27','2016-07-30 04:31:10'),
('18','18',NULL,NULL,'3303156909670003','Humbertobury','1972-05-19 02:47:20','Perempuan',NULL,'19052 Marianne Summit Suite 367\nBashirianstad, MN 74310-3548',NULL,NULL,NULL,NULL,NULL,NULL,'2006-10-24 14:30:19','2004-09-27 03:55:31'),
('19','19',NULL,NULL,'3303157011350001','Spencermouth','1973-03-23 23:49:41','Perempuan',NULL,'587 Imani Spring Suite 666\nLindtown, TX 31949',NULL,NULL,NULL,NULL,NULL,NULL,'2000-10-15 13:22:16','1991-02-03 06:04:11'),
('20','20',NULL,NULL,'3303154604950001','Friedachester','1986-09-21 21:15:25','Perempuan',NULL,'67477 Eugene Branch Apt. 694\nBartellton, SD 87199-2721',NULL,NULL,NULL,NULL,NULL,NULL,'1986-12-28 06:01:53','1990-11-29 22:53:04'),
('21','21',NULL,NULL,'3303152512530001','North Fridaton','1977-01-23 06:53:31','Laki-Laki',NULL,'3704 Greenfelder Tunnel Suite 598\nPort Janiceborough, CO 22892',NULL,NULL,NULL,NULL,NULL,NULL,'2018-03-24 01:21:11','2020-10-04 02:10:16'),
('22','22',NULL,NULL,'3303157011620003','New Jerel','1997-03-18 05:10:12','Laki-Laki',NULL,'358 Jacobson Forge Suite 507\nPort Jennings, NE 27264',NULL,NULL,NULL,NULL,NULL,NULL,'1983-10-05 00:03:40','2013-10-27 12:51:58'),
('23','23',NULL,NULL,'3303152808640001','Shieldschester','2010-01-02 02:58:19','Perempuan',NULL,'3080 Reynolds Falls\nHilpertberg, KY 72890',NULL,NULL,NULL,NULL,NULL,NULL,'1994-07-22 19:30:30','1987-03-02 07:15:04'),
('24','24',NULL,NULL,'3303156506660001','Breannaberg','1998-05-19 09:45:44','Perempuan',NULL,'20113 Roy Key\nPort Estamouth, IN 49267-7350',NULL,NULL,NULL,NULL,NULL,NULL,'2014-10-02 12:53:19','2014-07-21 15:13:08'),
('25','25',NULL,NULL,'3303153112720003','Port Fatimamouth','1988-01-25 20:17:49','Laki-Laki',NULL,'528 Lyric Inlet Apt. 904\nLake Johnathan, ID 32919',NULL,NULL,NULL,NULL,NULL,NULL,'1971-02-17 11:56:51','1992-08-21 05:09:21'),
('26','26',NULL,NULL,'3303154512650002','North Francisca','1973-08-03 15:05:35','Laki-Laki',NULL,'751 Macejkovic Corners\nWest Catalinashire, IL 53868',NULL,NULL,NULL,NULL,NULL,NULL,'1970-02-18 07:52:01','2012-04-12 13:30:50'),
('27','27',NULL,NULL,'3303151712900002','Kundehaven','1987-10-15 22:10:00','Perempuan',NULL,'6701 Cronin Crest Apt. 934\nNew Berthamouth, NC 22776-1691',NULL,NULL,NULL,NULL,NULL,NULL,'1997-09-28 19:33:00','2004-06-26 18:03:29'),
('28','28',NULL,NULL,'3303151803860003','Port Amparoville','1977-12-24 15:10:21','Perempuan',NULL,'274 Parisian Square\nIanmouth, MT 63599',NULL,NULL,NULL,NULL,NULL,NULL,'1974-12-28 17:10:55','1978-07-29 22:52:34'),
('29','29',NULL,NULL,'3303152311600001','Reichertberg','2002-12-28 12:33:01','Perempuan',NULL,'617 Jorge Courts Suite 773\nPalmaville, RI 78000-4598',NULL,NULL,NULL,NULL,NULL,NULL,'1980-08-13 14:34:31','2000-08-14 18:04:26'),
('30','30',NULL,NULL,'3303157112670001','Lake Garnett','1978-08-01 15:27:51','Laki-Laki',NULL,'122 Neva Roads Suite 989\nLake Jaspershire, IN 28372',NULL,NULL,NULL,NULL,NULL,NULL,'2019-02-13 02:46:45','2000-06-10 14:27:33'),
('31','31',NULL,NULL,'3303151702440001','South Tinaview','1987-06-21 17:30:45','Perempuan',NULL,'22687 Raphaelle Extension Apt. 819\nParkerbury, ID 83805',NULL,NULL,NULL,NULL,NULL,NULL,'1985-11-02 14:35:47','1981-12-16 01:53:06'),
('32','32',NULL,NULL,'3303152909680003','East Simonefort','2002-09-10 10:01:07','Perempuan',NULL,'06180 Nathanial Village Apt. 961\nPort Tracy, CA 92134',NULL,NULL,NULL,NULL,NULL,NULL,'2020-01-18 14:46:29','2012-03-13 21:41:42'),
('33','33',NULL,NULL,'3303155111770002','Christiansenville','1979-09-19 22:20:06','Perempuan',NULL,'1925 Lance Gateway\nElisabethburgh, MS 95831-1985',NULL,NULL,NULL,NULL,NULL,NULL,'1986-12-09 20:41:09','2013-11-13 10:14:55'),
('34','34',NULL,NULL,'3303150403710003','West Pattieborough','1988-12-22 15:54:20','Laki-Laki',NULL,'96821 Crona Trail\nHeathcotebury, MS 86289',NULL,NULL,NULL,NULL,NULL,NULL,'1984-08-15 00:09:50','2015-02-14 12:40:53'),
('35','35',NULL,NULL,'3303150102690002','New Vanessashire','1999-06-04 12:28:48','Laki-Laki',NULL,'63964 Alessandro Springs Suite 461\nEdisonside, ND 28551-7381',NULL,NULL,NULL,NULL,NULL,NULL,'2016-06-08 10:45:11','1983-07-13 22:23:52'),
('36','36',NULL,NULL,'3303156407740005','East Mohammadport','1983-09-08 22:45:32','Perempuan',NULL,'2260 Carmela Via Apt. 441\nEast Garnet, VA 80753-4593',NULL,NULL,NULL,NULL,NULL,NULL,'1998-01-05 08:34:53','1993-04-10 06:34:22'),
('37','37',NULL,NULL,'3303157001700001','Karolannchester','2015-03-27 21:10:20','Perempuan',NULL,'618 Nienow Cliffs Apt. 684\nNorth Sammyville, CA 29722-9872',NULL,NULL,NULL,NULL,NULL,NULL,'1970-08-21 18:29:06','2003-01-13 19:27:10'),
('38','38',NULL,NULL,'3303152412720001','South Joy','1982-06-17 21:12:55','Laki-Laki',NULL,'20090 Thiel Mount\nCarterland, NV 54810',NULL,NULL,NULL,NULL,NULL,NULL,'2012-02-01 21:57:33','1972-12-23 08:16:44'),
('39','39',NULL,NULL,'3303155401690001','Funkport','1982-05-16 21:24:23','Perempuan',NULL,'6714 Terry Fords Apt. 815\nLake Willy, IL 95808',NULL,NULL,NULL,NULL,NULL,NULL,'1987-11-18 12:11:19','1984-09-22 02:50:37'),
('40','40',NULL,NULL,'3303151911670001','East Arielfurt','1975-01-22 16:48:41','Laki-Laki',NULL,'31876 Ruthie Lock\nLake Dan, LA 72005-2424',NULL,NULL,NULL,NULL,NULL,NULL,'1975-05-22 20:22:06','2015-09-03 14:00:56'),
('41','41',NULL,NULL,'3303154412750002','West Reilly','2000-04-19 21:39:55','Perempuan',NULL,'29359 Adriana Road Suite 227\nDamonchester, NJ 93186',NULL,NULL,NULL,NULL,NULL,NULL,'2014-01-31 08:19:20','1986-06-15 07:12:27'),
('42','42',NULL,NULL,'3303152207840001','Corkeryland','1990-08-14 07:07:49','Laki-Laki',NULL,'832 Nicola Shores Apt. 692\nIrmachester, NE 69973-9923',NULL,NULL,NULL,NULL,NULL,NULL,'2013-10-25 13:12:50','1972-04-21 10:26:54'),
('43','43',NULL,NULL,'3303153012560003','New Hugh','1991-10-04 08:06:27','Laki-Laki',NULL,'08185 Daniella Mount\nHyattmouth, MD 20035',NULL,NULL,NULL,NULL,NULL,NULL,'2016-11-15 01:48:32','2002-07-22 17:41:24'),
('44','44',NULL,NULL,'3303156009610001','East Pollyside','2017-10-19 17:54:40','Laki-Laki',NULL,'9130 Walter Avenue\nModestoview, NY 97888',NULL,NULL,NULL,NULL,NULL,NULL,'2012-10-02 13:50:02','2009-03-22 12:38:28'),
('45','45',NULL,NULL,'3303150405850001','West Skyechester','1999-05-02 05:23:49','Perempuan',NULL,'6116 Osborne Parks\nKonopelskistad, FL 26963-4197',NULL,NULL,NULL,NULL,NULL,NULL,'2019-10-05 17:29:22','1996-09-17 06:39:53'),
('46','46',NULL,NULL,'3303153012450004','New Rosalindhaven','1990-03-30 03:23:56','Perempuan',NULL,'3325 Helene Islands Apt. 016\nJacobiberg, MN 01007-7150',NULL,NULL,NULL,NULL,NULL,NULL,'1973-01-09 19:15:40','1976-08-19 16:12:38'),
('47','47',NULL,NULL,'3303156009460001','Bahringerfurt','1981-12-19 06:30:50','Perempuan',NULL,'251 Tromp Mountain\nWest Genovevamouth, AR 46987',NULL,NULL,NULL,NULL,NULL,NULL,'1984-07-01 11:14:18','2019-10-04 15:09:01'),
('48','48',NULL,NULL,'3303150104790001','Sonnyfort','2007-03-04 04:56:31','Laki-Laki',NULL,'72154 Beahan Rest Suite 379\nEast Lesly, MN 76895',NULL,NULL,NULL,NULL,NULL,NULL,'1999-02-04 16:02:24','2012-11-15 03:15:11'),
('49','49',NULL,NULL,'3303150703520001','Port Alfonso','1984-12-27 15:49:02','Perempuan',NULL,'408 Omari Rapids\nAylinside, ME 62707-4075',NULL,NULL,NULL,NULL,NULL,NULL,'1997-12-14 04:36:50','1991-03-25 13:07:15'),
('50','50',NULL,NULL,'3303153012420002','West Kaylahshire','1971-09-30 12:21:44','Perempuan',NULL,'708 O\'Kon Flat\nKeenanchester, MO 94850-5340',NULL,NULL,NULL,NULL,NULL,NULL,'2002-12-04 08:02:47','1983-12-16 07:29:43'),
('51','51',NULL,NULL,'3303152109670001','Port Ibrahim','1976-03-04 04:47:49','Laki-Laki',NULL,'197 Tremblay Path\nWest Bransonfort, ND 38475-4929',NULL,NULL,NULL,NULL,NULL,NULL,'1977-03-18 13:15:41','1984-03-15 04:27:54'),
('52','52',NULL,NULL,'3303156912770002','West Darryl','2003-10-04 15:53:58','Laki-Laki',NULL,'483 Shields Parkway Suite 642\nLake Curtborough, UT 93328',NULL,NULL,NULL,NULL,NULL,NULL,'2001-01-14 23:16:01','1979-01-21 12:18:31'),
('53','53',NULL,NULL,'3303153112440002','Robelstad','1990-09-23 07:13:57','Perempuan',NULL,'55537 Emmerich Wells\nWest Anneberg, WV 38640-9030',NULL,NULL,NULL,NULL,NULL,NULL,'1992-10-16 22:23:00','1992-02-01 03:16:58'),
('54','54',NULL,NULL,'3303157112520002','East Hermann','2014-01-12 23:49:44','Laki-Laki',NULL,'09439 Larue Roads Apt. 110\nKuphalstad, CT 92484',NULL,NULL,NULL,NULL,NULL,NULL,'2009-06-08 09:45:25','2020-04-28 17:18:29'),
('55','55',NULL,NULL,'3303152501900001','Kilbackfurt','2008-07-08 23:23:14','Perempuan',NULL,'8546 Kelton Causeway Suite 569\nLlewellynberg, CA 55940',NULL,NULL,NULL,NULL,NULL,NULL,'2007-02-21 15:30:58','2016-03-14 04:34:43'),
('56','56',NULL,NULL,'3303153012590002','Wildermanbury','1992-09-09 23:22:57','Perempuan',NULL,'800 Gloria Circle\nEdenburgh, TN 49418-7792',NULL,NULL,NULL,NULL,NULL,NULL,'1971-03-28 10:42:52','2015-10-19 07:37:31'),
('57','57',NULL,NULL,'3303155512590002','Schuppetown','2007-05-10 20:12:10','Laki-Laki',NULL,'33430 Haag Groves\nPort Virgie, PA 66458',NULL,NULL,NULL,NULL,NULL,NULL,'2003-12-27 23:26:30','1970-05-14 06:49:23'),
('58','58',NULL,NULL,'3303150307790002','West Sandra','1999-11-04 20:18:31','Perempuan',NULL,'2222 Angelita Island\nSouth Yolanda, AR 36539-7238',NULL,NULL,NULL,NULL,NULL,NULL,'2002-10-29 10:05:48','1997-09-01 00:08:22'),
('59','59',NULL,NULL,'3303150306750001','South Isaiasstad','2014-07-21 17:09:40','Laki-Laki',NULL,'5667 Jamarcus Shoal\nCormierview, MD 42864',NULL,NULL,NULL,NULL,NULL,NULL,'1990-01-12 00:23:27','1990-06-09 22:20:25'),
('60','60',NULL,NULL,'3303154208820001','Emilemouth','2008-04-12 05:54:59','Perempuan',NULL,'717 Conroy Gardens\nKalechester, WA 64701',NULL,NULL,NULL,NULL,NULL,NULL,'2009-04-16 09:53:53','2002-03-10 16:02:31'),
('61','61',NULL,NULL,'3303157112320003','Joshuahshire','2007-08-09 13:49:43','Laki-Laki',NULL,'6674 Boehm Square Suite 919\nBaumbachside, VT 00718-2460',NULL,NULL,NULL,NULL,NULL,NULL,'1976-03-17 12:18:30','2006-04-04 15:17:23'),
('62','62',NULL,NULL,'3303152512670004','Janeborough','1990-04-20 21:39:02','Laki-Laki',NULL,'118 Casper Crescent\nWilkinsonland, KY 77600-1600',NULL,NULL,NULL,NULL,NULL,NULL,'1970-01-14 22:45:50','2003-07-25 19:32:20'),
('63','63',NULL,NULL,'3303154406940002','Alyshashire','1998-01-09 03:37:20','Laki-Laki',NULL,'197 Eunice Common Suite 016\nNew Hilma, WY 44748-4895',NULL,NULL,NULL,NULL,NULL,NULL,'1991-06-27 19:19:05','1984-12-13 05:55:52'),
('64','64',NULL,NULL,'3303156205730001','Port Hughville','1997-09-15 00:31:40','Perempuan',NULL,'09252 Newell Trafficway Suite 188\nNorth Gregory, MN 04697',NULL,NULL,NULL,NULL,NULL,NULL,'2006-01-13 16:55:04','2001-05-12 20:36:31'),
('65','65',NULL,NULL,'3303152312780002','Lemkechester','1984-04-30 09:50:02','Perempuan',NULL,'3924 Rod Run Suite 872\nNienowstad, NJ 19894',NULL,NULL,NULL,NULL,NULL,NULL,'1979-08-22 12:52:10','1986-01-12 08:27:56'),
('66','66',NULL,NULL,'3303155901830001','Kristinton','2002-08-05 21:10:56','Perempuan',NULL,'7732 Haag Dam Apt. 546\nKatlynburgh, UT 59982-2231',NULL,NULL,NULL,NULL,NULL,NULL,'1991-08-20 21:53:56','2001-08-12 10:51:30'),
('67','67',NULL,NULL,'3303150807630001','Shaunberg','2017-05-14 04:14:08','Laki-Laki',NULL,'63416 Kshlerin Vista\nTorphaven, ND 93714',NULL,NULL,NULL,NULL,NULL,NULL,'2004-10-05 17:18:04','1997-05-25 04:41:33'),
('68','68',NULL,NULL,'3303155801900002','Port Travon','2007-12-15 16:48:21','Perempuan',NULL,'6777 Citlalli Throughway Apt. 097\nHermistonton, MI 66286-7247',NULL,NULL,NULL,NULL,NULL,NULL,'1991-02-06 23:22:31','1989-07-11 20:19:28'),
('69','69',NULL,NULL,'3303154910670001','Prosaccoside','1997-07-07 04:24:27','Laki-Laki',NULL,'465 Lelah Alley Apt. 382\nAidaberg, KS 74239',NULL,NULL,NULL,NULL,NULL,NULL,'2014-04-15 07:05:03','2004-10-20 20:01:20'),
('70','70',NULL,NULL,'3303151302470001','Tadchester','1985-07-15 10:06:21','Laki-Laki',NULL,'2364 O\'Conner Creek\nWest Wendy, VA 73286-9051',NULL,NULL,NULL,NULL,NULL,NULL,'2000-04-13 08:17:55','2009-11-26 00:41:38'),
('71','71',NULL,NULL,'3303156808540001','Malikaland','1996-05-10 11:47:43','Perempuan',NULL,'5289 Alda Burgs Suite 078\nNew Winona, AZ 73328',NULL,NULL,NULL,NULL,NULL,NULL,'2005-03-23 04:44:23','1981-06-14 11:08:10'),
('72','72',NULL,NULL,'3303150107660065','Russelport','2018-04-10 12:29:00','Perempuan',NULL,'29105 Branson Passage Apt. 851\nEast Jamison, NH 71966',NULL,NULL,NULL,NULL,NULL,NULL,'1998-01-08 11:22:54','2013-04-06 11:30:01'),
('73','73',NULL,NULL,'3303155110930001','Erikland','1978-08-15 21:09:06','Laki-Laki',NULL,'804 Casper Shores Suite 205\nNorth Breanaborough, OK 56400-1938',NULL,NULL,NULL,NULL,NULL,NULL,'1994-03-26 22:16:50','2015-10-18 06:45:39'),
('74','74',NULL,NULL,'3303156104680001','West Eleanoraton','1978-04-22 10:48:51','Laki-Laki',NULL,'371 Gerlach Spur Suite 993\nJohnstonmouth, MD 15371-1722',NULL,NULL,NULL,NULL,NULL,NULL,'1989-02-26 16:05:48','1972-10-10 23:18:46'),
('75','75',NULL,NULL,'3303156011790001','South Jaquelinemouth','1991-02-09 06:46:31','Perempuan',NULL,'208 Cydney Grove\nTrefort, ID 94244',NULL,NULL,NULL,NULL,NULL,NULL,'1977-09-21 15:04:19','2006-09-01 07:03:01'),
('76','76',NULL,NULL,'3303153012480002','Eichmannmouth','1996-06-01 12:04:28','Perempuan',NULL,'713 Kiana Estates Apt. 693\nAthenaberg, DE 20995-1353',NULL,NULL,NULL,NULL,NULL,NULL,'1988-10-16 06:59:08','1995-03-02 01:22:29'),
('77','77',NULL,NULL,'3303156510500001','New Rettaview','1978-08-29 09:17:01','Perempuan',NULL,'71947 Witting Trail Suite 087\nDibbertstad, NV 91145-2458',NULL,NULL,NULL,NULL,NULL,NULL,'2002-11-24 15:58:19','1979-09-24 18:13:30'),
('78','78',NULL,NULL,'3303150203740002','Sauerburgh','1975-01-06 18:35:17','Laki-Laki',NULL,'671 Luther Row\nPinkborough, SC 62356',NULL,NULL,NULL,NULL,NULL,NULL,'2010-08-05 02:08:34','2005-05-26 13:11:38'),
('79','79',NULL,NULL,'3303154406770001','Kirlinview','2000-04-22 07:05:41','Laki-Laki',NULL,'863 Ellie Landing Apt. 969\nPort Andreannemouth, OH 21116',NULL,NULL,NULL,NULL,NULL,NULL,'1987-08-01 03:22:14','2002-11-08 20:08:16'),
('80','80',NULL,NULL,'3303155608520001','West Dimitri','1999-06-01 04:32:08','Perempuan',NULL,'74000 Maia Common\nPort Federico, MO 55454-6856',NULL,NULL,NULL,NULL,NULL,NULL,'1999-08-26 23:52:04','1975-07-13 09:14:09'),
('81','81',NULL,NULL,'3303154101450001','Port Arielleville','1972-12-27 10:53:57','Perempuan',NULL,'614 Zula Trafficway Apt. 292\nSanfordport, NJ 63421',NULL,NULL,NULL,NULL,NULL,NULL,'2010-06-04 23:05:54','2007-11-24 14:26:45'),
('82','82',NULL,NULL,'3303150408870002','New Magdalenaburgh','2007-10-19 09:19:34','Laki-Laki',NULL,'7890 Anahi Harbor\nJuanamouth, VA 33410',NULL,NULL,NULL,NULL,NULL,NULL,'1970-11-29 15:02:37','2018-09-07 15:01:09'),
('83','83',NULL,NULL,'3303156109890001','Aufderharfort','1982-01-26 01:36:11','Laki-Laki',NULL,'66761 Gerlach Isle\nLake Gabriellamouth, MS 65730-6191',NULL,NULL,NULL,NULL,NULL,NULL,'1998-02-21 01:32:10','1999-04-03 03:17:42'),
('84','84',NULL,NULL,'3303155402910003','Jadynstad','1999-05-17 13:59:53','Perempuan',NULL,'2137 Linnea Track Apt. 993\nNorth Lauriemouth, CO 93035',NULL,NULL,NULL,NULL,NULL,NULL,'1990-07-29 20:02:54','2003-11-10 15:12:20'),
('85','85',NULL,NULL,'3303157112490003','New Jarretland','1978-09-12 06:16:55','Laki-Laki',NULL,'87791 Gusikowski Motorway Suite 944\nDeloresland, NH 02914',NULL,NULL,NULL,NULL,NULL,NULL,'2003-01-01 14:24:27','1979-09-15 08:07:07'),
('86','86',NULL,NULL,'3303151108770001','Floydbury','1999-07-12 20:23:35','Perempuan',NULL,'3741 King Trail Apt. 982\nWest Nehashire, CT 34791',NULL,NULL,NULL,NULL,NULL,NULL,'2012-12-16 23:20:06','1987-08-17 11:54:36'),
('87','87',NULL,NULL,'3303154811790003','Port Prudence','1998-01-19 20:42:32','Perempuan',NULL,'5337 D\'Amore Tunnel\nWest Vergie, NY 60948',NULL,NULL,NULL,NULL,NULL,NULL,'1981-12-15 17:04:05','2003-04-15 05:34:25'),
('88','88',NULL,NULL,'3303150212780003','Gottliebtown','1991-10-09 20:24:08','Laki-Laki',NULL,'337 Denesik Station Suite 035\nMiltonville, SD 98938',NULL,NULL,NULL,NULL,NULL,NULL,'1982-06-19 01:42:18','1984-10-06 07:27:23'),
('89','89',NULL,NULL,'3303157112670003','East Damien','1976-09-17 03:37:52','Laki-Laki',NULL,'985 Precious Squares Apt. 389\nNew Bennettberg, IN 71025',NULL,NULL,NULL,NULL,NULL,NULL,'1975-07-01 08:14:08','2020-10-22 00:31:36'),
('90','90',NULL,NULL,'3303156803840001','Lucieville','1970-12-16 03:44:11','Perempuan',NULL,'5451 Hardy Radial Apt. 548\nSouth Abnerchester, VA 00016-8766',NULL,NULL,NULL,NULL,NULL,NULL,'1994-04-16 10:04:41','1971-08-15 13:54:44'),
('91','91',NULL,NULL,'3301065008860007','South Jasperchester','2006-11-04 00:52:54','Perempuan',NULL,'38391 Chelsea Shore Suite 282\nLake Caitlyn, WY 15613-3032',NULL,NULL,NULL,NULL,NULL,NULL,'1991-11-05 03:17:35','1976-11-07 13:11:07'),
('92','92',NULL,NULL,'3303151406710001','New Marcelinofort','2007-11-10 08:55:39','Perempuan',NULL,'5894 Hartmann Rapids\nWolfport, MS 94204-5572',NULL,NULL,NULL,NULL,NULL,NULL,'1983-07-07 07:53:11','2016-12-28 10:36:15'),
('93','93',NULL,NULL,'3303155002800004','Justonshire','2018-10-19 19:24:33','Laki-Laki',NULL,'34561 Davis Ridges\nJadonville, MS 37958-8718',NULL,NULL,NULL,NULL,NULL,NULL,'1974-11-07 07:34:54','1974-01-02 05:15:59'),
('94','94',NULL,NULL,'3303150107790062','Port Maxie','1987-05-25 23:12:43','Laki-Laki',NULL,'14138 Vallie Burg Suite 848\nRosellaton, ID 86615',NULL,NULL,NULL,NULL,NULL,NULL,'1987-01-25 17:25:58','2012-07-29 15:35:51'),
('95','95',NULL,NULL,'3303155111840002','Millston','2002-12-18 19:58:21','Laki-Laki',NULL,'38498 Ezequiel Haven Suite 334\nSouth Tressa, HI 38977-6468',NULL,NULL,NULL,NULL,NULL,NULL,'1983-10-12 01:16:26','1976-04-28 05:00:47'),
('96','96',NULL,NULL,'3303151001760001','New Isabel','1998-01-21 02:58:39','Perempuan',NULL,'4969 Spencer Lodge Apt. 236\nWest Ewellfort, KY 40685-8860',NULL,NULL,NULL,NULL,NULL,NULL,'1984-11-23 02:35:31','2010-10-20 03:28:03'),
('97','97',NULL,NULL,'3303154406780003','New Brent','1972-12-27 17:44:28','Laki-Laki',NULL,'156 Tremayne Orchard Suite 531\nWeimannhaven, GA 09259',NULL,NULL,NULL,NULL,NULL,NULL,'2016-05-30 13:52:48','2014-04-13 09:25:31'),
('98','98',NULL,NULL,'3303150305770002','East Geovanni','1986-02-08 14:04:03','Perempuan',NULL,'1066 Lynch Haven Suite 307\nEast Filiberto, MI 41867-0987',NULL,NULL,NULL,NULL,NULL,NULL,'2009-02-13 20:44:15','1980-01-01 10:39:08'),
('99','99',NULL,NULL,'23303154405840002','South Vernicetown','1990-11-05 19:03:18','Laki-Laki',NULL,'4836 Kameron Union Suite 777\nKautzerfurt, VA 18213-3774',NULL,NULL,NULL,NULL,NULL,NULL,'1993-12-07 21:59:41','2016-10-27 17:45:48'),
('100','100',NULL,NULL,'3303152709800001','Giannifurt','1971-03-31 09:31:39','Perempuan',NULL,'40535 Cole Mills Suite 391\nLake Jed, IA 23381',NULL,NULL,NULL,NULL,NULL,NULL,'1983-09-29 03:57:05','1996-10-10 02:54:47'); 

INSERT INTO `model_has_roles` (`role_id`, `model_type`, `model_id`) VALUES
-- Admin
(1, 'App\\Models\\User', 1),
(1, 'App\\Models\\User', 2),
(5, 'App\\Models\\User', 2),
-- Kepala Dusun
(2, 'App\\Models\\User', 3),
(2, 'App\\Models\\User', 4),
(5, 'App\\Models\\User', 4),
-- Ketua RW
(3, 'App\\Models\\User', 5),
(3, 'App\\Models\\User', 6),
(5, 'App\\Models\\User', 6),
(3, 'App\\Models\\User', 7),
(3, 'App\\Models\\User', 8),
(5, 'App\\Models\\User', 8),
-- Ketua RT
(4, 'App\\Models\\User', 9),
(4, 'App\\Models\\User', 10),
(5, 'App\\Models\\User', 10),
(4, 'App\\Models\\User', 11),
(4, 'App\\Models\\User', 12),
(5, 'App\\Models\\User', 12),
(4, 'App\\Models\\User', 13),
(4, 'App\\Models\\User', 14),
(5, 'App\\Models\\User', 14),
(4, 'App\\Models\\User', 15),
(4, 'App\\Models\\User', 16),
(5, 'App\\Models\\User', 16),
-- Warga
(5, 'App\\Models\\User', 17),
(5, 'App\\Models\\User', 18),
(5, 'App\\Models\\User', 19),
(5, 'App\\Models\\User', 20),
(5, 'App\\Models\\User', 21),
(5, 'App\\Models\\User', 22),
(5, 'App\\Models\\User', 23),
(5, 'App\\Models\\User', 24),
(5, 'App\\Models\\User', 25),
(5, 'App\\Models\\User', 26),
(5, 'App\\Models\\User', 27),
(5, 'App\\Models\\User', 28),
(5, 'App\\Models\\User', 29),
(5, 'App\\Models\\User', 30),
(5, 'App\\Models\\User', 31),
(5, 'App\\Models\\User', 32),
(5, 'App\\Models\\User', 33),
(5, 'App\\Models\\User', 34),
(5, 'App\\Models\\User', 35),
(5, 'App\\Models\\User', 36),
(5, 'App\\Models\\User', 37),
(5, 'App\\Models\\User', 38),
(5, 'App\\Models\\User', 39),
(5, 'App\\Models\\User', 40),
(5, 'App\\Models\\User', 41),
(5, 'App\\Models\\User', 42),
(5, 'App\\Models\\User', 43),
(5, 'App\\Models\\User', 44),
(5, 'App\\Models\\User', 45),
(5, 'App\\Models\\User', 46),
(5, 'App\\Models\\User', 47),
(5, 'App\\Models\\User', 48),
(5, 'App\\Models\\User', 49),
(5, 'App\\Models\\User', 50),
(5, 'App\\Models\\User', 51),
(5, 'App\\Models\\User', 52),
(5, 'App\\Models\\User', 53),
(5, 'App\\Models\\User', 54),
(5, 'App\\Models\\User', 55),
(5, 'App\\Models\\User', 56),
(5, 'App\\Models\\User', 57),
(5, 'App\\Models\\User', 58),
(5, 'App\\Models\\User', 59),
(5, 'App\\Models\\User', 60),
(5, 'App\\Models\\User', 61),
(5, 'App\\Models\\User', 62),
(5, 'App\\Models\\User', 63),
(5, 'App\\Models\\User', 64),
(5, 'App\\Models\\User', 65),
(5, 'App\\Models\\User', 66),
(5, 'App\\Models\\User', 67),
(5, 'App\\Models\\User', 68),
(5, 'App\\Models\\User', 69),
(5, 'App\\Models\\User', 70),
(5, 'App\\Models\\User', 71),
(5, 'App\\Models\\User', 72),
(5, 'App\\Models\\User', 73),
(5, 'App\\Models\\User', 74),
(5, 'App\\Models\\User', 75),
(5, 'App\\Models\\User', 76),
(5, 'App\\Models\\User', 77),
(5, 'App\\Models\\User', 78),
(5, 'App\\Models\\User', 79),
(5, 'App\\Models\\User', 80),
(5, 'App\\Models\\User', 81),
(5, 'App\\Models\\User', 82),
(5, 'App\\Models\\User', 83),
(5, 'App\\Models\\User', 84),
(5, 'App\\Models\\User', 85),
(5, 'App\\Models\\User', 86),
(5, 'App\\Models\\User', 87),
(5, 'App\\Models\\User', 88),
(5, 'App\\Models\\User', 89),
(5, 'App\\Models\\User', 90),
(5, 'App\\Models\\User', 91),
(5, 'App\\Models\\User', 92),
(5, 'App\\Models\\User', 93),
(5, 'App\\Models\\User', 94),
(5, 'App\\Models\\User', 95),
-- Jurnalis
(6, 'App\\Models\\User', 96),
(6, 'App\\Models\\User', 97),
(5, 'App\\Models\\User', 97),
(6, 'App\\Models\\User', 98),
(6, 'App\\Models\\User', 99),
(5, 'App\\Models\\User', 99),
(6, 'App\\Models\\User', 100);

INSERT INTO `data_warga_kurang_mampu` (`id`, `user_id`, `created_at`, `updated_at`) VALUES
(1, 17, '2020-12-10 04:22:29', '2020-12-10 04:22:29'),
(2, 19, '2020-12-10 04:22:29', '2020-12-10 04:22:29'),
(3, 21, '2020-12-10 04:22:29', '2020-12-10 04:22:29'),
(4, 23, '2020-12-10 04:22:29', '2020-12-10 04:22:29'),
(5, 25, '2020-12-10 04:22:29', '2020-12-10 04:22:29'),
(6, 27, '2020-12-10 04:22:29', '2020-12-10 04:22:29'),
(7, 29, '2020-12-10 04:22:29', '2020-12-10 04:22:29'),
(8, 31, '2020-12-10 04:22:29', '2020-12-10 04:22:29'),
(9, 33, '2020-12-10 04:22:29', '2020-12-10 04:22:29'),
(10, 35, '2020-12-10 04:22:29', '2020-12-10 04:22:29'),
(11, 37, '2020-12-10 04:22:29', '2020-12-10 04:22:29'),
(12, 38, '2020-12-10 04:22:29', '2020-12-10 04:22:29'),
(13, 41, '2020-12-10 04:22:29', '2020-12-10 04:22:29'),
(14, 43, '2020-12-10 04:22:29', '2020-12-10 04:22:29'),
(15, 45, '2020-12-10 04:22:29', '2020-12-10 04:22:29'),
(16, 47, '2020-12-10 04:22:29', '2020-12-10 04:22:29'),
(17, 49, '2020-12-10 04:22:29', '2020-12-10 04:22:29'),
(18, 51, '2020-12-10 04:22:29', '2020-12-10 04:22:29'),
(19, 53, '2020-12-10 04:22:29', '2020-12-10 04:22:29'),
(20, 55, '2020-12-10 04:22:29', '2020-12-10 04:22:29');

INSERT INTO `data_dusun` (`id`, `name`, `user_id`, `created_at`, `updated_at`) VALUES
(1, 'Selatan', 3, '2020-12-10 04:22:29', '2020-12-10 04:22:29'),
(2, 'Utara', 4, '2020-12-10 04:22:29', '2020-12-10 04:22:29');

INSERT INTO `data_rukun_warga` (`id`, `name`, `dusun_id`, `user_id`, `created_at`, `updated_at`) VALUES
(1, '001', 1, 5, '2020-12-10 04:22:29', '2020-12-10 04:22:29'),
(2, '002', 1, 6, '2020-12-10 04:22:30', '2020-12-10 04:22:30'),
(3, '001', 2, 7, '2020-12-10 04:22:30', '2020-12-10 04:22:30'),
(4, '002', 2, 8, '2020-12-10 04:22:30', '2020-12-10 04:22:30');

INSERT INTO `data_rukun_tetangga` (`id`, `name`, `rukun_warga_id`, `user_id`, `created_at`, `updated_at`) VALUES
(1, '001', 1, 9, '2020-12-10 04:22:30', '2020-12-10 04:22:30'),
(2, '002', 1, 10, '2020-12-10 04:22:30', '2020-12-10 04:22:30'),
(3, '001', 2, 11, '2020-12-10 04:22:30', '2020-12-10 04:22:30'),
(4, '002', 2, 12, '2020-12-10 04:22:30', '2020-12-10 04:22:30'),
(5, '001', 3, 13, '2020-12-10 04:22:30', '2020-12-10 04:22:30'),
(6, '002', 3, 14, '2020-12-10 04:22:30', '2020-12-10 04:22:30'),
(7, '001', 4, 15, '2020-12-10 04:22:30', '2020-12-10 04:22:30'),
(8, '002', 4, 16, '2020-12-10 04:22:30', '2020-12-10 04:22:30');